County,tract,pct_food_insecure
Alamance County,201,21.6
Alamance County,202,23.799999999999997
Alamance County,203.01,23.9
Alamance County,203.02,10.100000000000001
Alamance County,204,17.599999999999998
Alamance County,205.01,10.8
Alamance County,205.02,16.400000000000002
Alamance County,206.01,7.3
Alamance County,206.02,10.7
Alamance County,207.01,13.900000000000002
Alamance County,207.02,13.900000000000002
Alamance County,208.01,11.0
Alamance County,208.02,17.1
Alamance County,209.01,12.0
Alamance County,209.02,11.4
Alamance County,210,24.6
Alamance County,211.01,14.2
Alamance County,211.02,16.3
Alamance County,212.01,13.100000000000001
Alamance County,212.04,8.799999999999999
Alamance County,212.05,10.0
Alamance County,212.06,10.6
Alamance County,212.07,16.2
Alamance County,213,9.6
Alamance County,214,14.099999999999998
Alamance County,215,8.3
Alamance County,216,
Alamance County,217.01,10.299999999999999
Alamance County,217.02,
Alamance County,217.03,8.7
Alamance County,218.01,10.100000000000001
Alamance County,218.02,13.4
Alamance County,218.03,9.6
Alamance County,219.01,10.9
Alamance County,219.02,13.3
Alamance County,220.01,9.700000000000001
Alamance County,220.02,12.9
Alexander County,401,18.3
Alexander County,402,17.5
Alexander County,403,17.299999999999997
Alexander County,404,15.7
Alexander County,405,12.4
Alexander County,406,10.7
Alexander County,407,12.1
Alleghany County,9501,15.299999999999999
Alleghany County,9502,16.3
Alleghany County,9503,20.200000000000003
Anson County,9201,12.6
Anson County,9202,13.5
Anson County,9203.01,14.000000000000002
Anson County,9203.02,
Anson County,9204,22.6
Anson County,9205.01,22.900000000000002
Anson County,9205.02,14.099999999999998
Anson County,9206,16.3
Anson County,9800,
Ashe County,9702,10.2
Ashe County,9703,16.0
Ashe County,9704,15.2
Ashe County,9705.01,20.4
Ashe County,9705.02,15.299999999999999
Ashe County,9707.01,13.8
Ashe County,9707.02,12.7
Ashe County,9708.01,18.8
Ashe County,9708.02,16.2
Avery County,9301,15.9
Avery County,9302,13.3
Avery County,9303.01,18.0
Avery County,9303.02,15.9
Avery County,9304,10.299999999999999
Beaufort County,9301.01,8.7
Beaufort County,9301.02,23.7
Beaufort County,9302,16.7
Beaufort County,9303,20.7
Beaufort County,9304,15.6
Beaufort County,9305.01,16.3
Beaufort County,9305.02,10.9
Beaufort County,9306,9.6
Beaufort County,9307,10.299999999999999
Beaufort County,9308,20.0
Beaufort County,9309,9.8
Beaufort County,9310.01,18.8
Beaufort County,9310.02,15.1
Bertie County,9601,12.6
Bertie County,9602,11.5
Bertie County,9603,18.4
Bertie County,9604.01,10.299999999999999
Bertie County,9604.02,25.6
Bladen County,9501.01,14.2
Bladen County,9501.02,13.100000000000001
Bladen County,9502,19.400000000000002
Bladen County,9503.01,18.9
Bladen County,9503.02,17.0
Bladen County,9504.01,22.900000000000002
Bladen County,9504.02,11.1
Bladen County,9505.01,8.4
Bladen County,9505.02,18.6
Bladen County,9506.01,20.599999999999998
Bladen County,9506.02,19.5
Brunswick County,201.01,17.5
Brunswick County,201.02,11.600000000000001
Brunswick County,201.05,9.0
Brunswick County,201.06,14.499999999999998
Brunswick County,201.07,10.4
Brunswick County,201.08,9.700000000000001
Brunswick County,202.01,14.6
Brunswick County,202.03,11.3
Brunswick County,202.04,15.5
Brunswick County,202.05,8.200000000000001
Brunswick County,202.06,8.9
Brunswick County,203.04,15.2
Brunswick County,203.05,10.0
Brunswick County,203.06,10.2
Brunswick County,203.07,
Brunswick County,203.08,7.5
Brunswick County,203.11,10.299999999999999
Brunswick County,203.12,17.1
Brunswick County,203.13,12.2
Brunswick County,203.14,
Brunswick County,203.15,16.2
Brunswick County,203.16,8.5
Brunswick County,204.04,9.6
Brunswick County,204.05,13.3
Brunswick County,204.06,9.6
Brunswick County,204.07,16.2
Brunswick County,204.08,20.9
Brunswick County,204.09,16.0
Brunswick County,205.04,8.0
Brunswick County,205.05,10.9
Brunswick County,205.08,10.6
Brunswick County,205.10,12.2
Brunswick County,205.11,11.1
Brunswick County,205.12,8.9
Brunswick County,205.13,13.8
Brunswick County,205.14,9.8
Brunswick County,205.15,9.2
Brunswick County,205.16,13.0
Brunswick County,205.17,16.2
Brunswick County,205.18,12.4
Brunswick County,206.01,9.700000000000001
Brunswick County,206.02,10.4
Brunswick County,206.03,16.3
Brunswick County,9901,
Buncombe County,1,27.900000000000002
Buncombe County,10,15.2
Buncombe County,11,12.0
Buncombe County,12,9.8
Buncombe County,13,18.2
Buncombe County,14.01,15.6
Buncombe County,14.02,14.099999999999998
Buncombe County,15,15.299999999999999
Buncombe County,16.01,9.9
Buncombe County,16.02,13.200000000000001
Buncombe County,17,7.199999999999999
Buncombe County,18.01,14.499999999999998
Buncombe County,18.02,10.8
Buncombe County,19,12.9
Buncombe County,2,17.9
Buncombe County,20,16.400000000000002
Buncombe County,21.01,6.3
Buncombe County,21.02,13.600000000000001
Buncombe County,22.03,17.5
Buncombe County,22.04,14.899999999999999
Buncombe County,22.05,10.100000000000001
Buncombe County,22.06,10.299999999999999
Buncombe County,23.03,8.799999999999999
Buncombe County,23.04,11.700000000000001
Buncombe County,23.05,12.4
Buncombe County,23.06,11.600000000000001
Buncombe County,24.01,15.7
Buncombe County,24.02,12.3
Buncombe County,25.03,13.600000000000001
Buncombe County,25.04,14.099999999999998
Buncombe County,25.05,13.100000000000001
Buncombe County,25.06,18.0
Buncombe County,26.03,18.2
Buncombe County,26.04,9.700000000000001
Buncombe County,26.06,11.1
Buncombe County,26.07,13.4
Buncombe County,26.08,13.0
Buncombe County,26.09,19.8
Buncombe County,27.01,11.5
Buncombe County,27.02,10.299999999999999
Buncombe County,27.04,13.5
Buncombe County,27.05,11.700000000000001
Buncombe County,28.03,17.7
Buncombe County,28.04,11.200000000000001
Buncombe County,29,10.100000000000001
Buncombe County,3,17.5
Buncombe County,30.02,13.3
Buncombe County,30.03,13.100000000000001
Buncombe County,30.04,7.7
Buncombe County,31.03,12.3
Buncombe County,31.05,15.1
Buncombe County,31.06,12.6
Buncombe County,31.07,11.0
Buncombe County,31.08,
Buncombe County,32.01,10.0
Buncombe County,32.02,10.8
Buncombe County,32.03,10.8
Buncombe County,32.04,12.0
Buncombe County,32.05,18.8
Buncombe County,4,
Buncombe County,5,9.1
Buncombe County,6,15.5
Buncombe County,7,14.899999999999999
Buncombe County,8,11.700000000000001
Buncombe County,9,21.3
Burke County,201,35.0
Burke County,202.02,15.8
Burke County,202.03,15.5
Burke County,202.04,13.0
Burke County,203.01,14.299999999999999
Burke County,203.03,11.200000000000001
Burke County,203.04,11.799999999999999
Burke County,205,14.7
Burke County,206,21.4
Burke County,208.01,16.900000000000002
Burke County,208.02,12.2
Burke County,209.01,10.299999999999999
Burke County,209.02,13.700000000000001
Burke County,210,19.2
Burke County,211,13.3
Burke County,212.01,14.799999999999999
Burke County,212.02,12.6
Burke County,212.03,19.7
Burke County,213.01,21.3
Burke County,213.02,21.5
Burke County,214,20.200000000000003
Cabarrus County,405.01,16.6
Cabarrus County,405.02,15.0
Cabarrus County,406,10.5
Cabarrus County,407.01,23.200000000000003
Cabarrus County,407.03,21.7
Cabarrus County,407.04,17.1
Cabarrus County,407.05,7.3
Cabarrus County,408,18.3
Cabarrus County,409,12.6
Cabarrus County,410.01,11.200000000000001
Cabarrus County,410.02,17.8
Cabarrus County,411,8.6
Cabarrus County,412.01,14.499999999999998
Cabarrus County,412.02,8.200000000000001
Cabarrus County,413.01,7.199999999999999
Cabarrus County,413.04,6.6000000000000005
Cabarrus County,413.05,6.0
Cabarrus County,413.06,9.8
Cabarrus County,413.07,6.7
Cabarrus County,415.03,6.6000000000000005
Cabarrus County,415.04,6.3
Cabarrus County,415.05,4.2
Cabarrus County,415.06,6.1
Cabarrus County,415.07,8.0
Cabarrus County,416.02,17.5
Cabarrus County,416.03,7.000000000000001
Cabarrus County,416.04,5.4
Cabarrus County,417.01,10.4
Cabarrus County,417.02,14.899999999999999
Cabarrus County,419.01,22.6
Cabarrus County,419.02,17.9
Cabarrus County,420,12.4
Cabarrus County,421.01,12.4
Cabarrus County,421.02,13.0
Cabarrus County,422.01,12.6
Cabarrus County,422.02,7.7
Cabarrus County,423,11.700000000000001
Cabarrus County,424.01,8.9
Cabarrus County,424.02,10.5
Cabarrus County,425.01,9.0
Cabarrus County,425.02,11.1
Cabarrus County,425.03,8.799999999999999
Cabarrus County,425.04,4.3
Cabarrus County,426.01,9.2
Cabarrus County,426.02,7.1
Cabarrus County,426.03,8.0
Cabarrus County,426.04,10.8
Caldwell County,301,16.400000000000002
Caldwell County,302,13.600000000000001
Caldwell County,303,20.599999999999998
Caldwell County,304,16.7
Caldwell County,305,17.299999999999997
Caldwell County,306,14.099999999999998
Caldwell County,307,18.5
Caldwell County,308.01,15.6
Caldwell County,308.02,18.6
Caldwell County,309,14.6
Caldwell County,310,14.299999999999999
Caldwell County,311,12.3
Caldwell County,312.01,14.099999999999998
Caldwell County,312.02,16.2
Caldwell County,313.01,10.8
Caldwell County,313.02,15.6
Caldwell County,314.01,11.4
Caldwell County,314.02,11.0
Caldwell County,314.03,19.400000000000002
Camden County,9501.01,10.6
Camden County,9501.02,12.0
Carteret County,9701.01,13.8
Carteret County,9701.02,11.5
Carteret County,9701.03,17.5
Carteret County,9702,17.299999999999997
Carteret County,9703.01,9.5
Carteret County,9703.04,18.8
Carteret County,9703.05,14.799999999999999
Carteret County,9704.01,23.599999999999998
Carteret County,9704.02,18.7
Carteret County,9704.03,13.600000000000001
Carteret County,9705.01,18.0
Carteret County,9705.02,8.5
Carteret County,9705.03,14.799999999999999
Carteret County,9705.04,8.200000000000001
Carteret County,9706.01,11.1
Carteret County,9706.02,8.1
Carteret County,9706.03,18.3
Carteret County,9706.06,10.7
Carteret County,9707.01,18.5
Carteret County,9707.02,19.7
Carteret County,9707.03,15.4
Carteret County,9707.04,11.700000000000001
Carteret County,9708.01,18.099999999999998
Carteret County,9708.04,8.6
Carteret County,9708.05,11.600000000000001
Carteret County,9708.06,10.4
Carteret County,9709.03,8.0
Carteret County,9709.04,8.3
Carteret County,9710.03,9.1
Carteret County,9711.03,16.7
Carteret County,9801,
Carteret County,9901,
Carteret County,9902,
Caswell County,9301,17.4
Caswell County,9302,19.400000000000002
Caswell County,9303,18.4
Caswell County,9304,13.600000000000001
Caswell County,9305,7.6
Caswell County,9306,10.5
Catawba County,101.01,11.1
Catawba County,101.02,11.4
Catawba County,102.01,10.299999999999999
Catawba County,102.03,17.1
Catawba County,102.04,15.5
Catawba County,103.01,11.600000000000001
Catawba County,103.02,14.799999999999999
Catawba County,103.03,14.2
Catawba County,103.04,17.9
Catawba County,104.02,16.6
Catawba County,104.03,17.7
Catawba County,104.04,13.100000000000001
Catawba County,105.01,8.799999999999999
Catawba County,105.02,8.200000000000001
Catawba County,106,18.7
Catawba County,107,18.6
Catawba County,109,25.0
Catawba County,110,25.1
Catawba County,111.01,15.8
Catawba County,111.02,15.9
Catawba County,112,12.4
Catawba County,113,17.299999999999997
Catawba County,114.01,16.6
Catawba County,114.02,16.0
Catawba County,115.01,13.200000000000001
Catawba County,115.03,9.700000000000001
Catawba County,115.05,11.200000000000001
Catawba County,115.06,9.700000000000001
Catawba County,116.01,13.0
Catawba County,116.02,13.900000000000002
Catawba County,117.01,8.5
Catawba County,117.02,10.8
Catawba County,118.01,8.1
Catawba County,118.02,15.1
Chatham County,201.03,5.8999999999999995
Chatham County,201.04,9.0
Chatham County,201.05,9.5
Chatham County,201.07,11.4
Chatham County,201.08,10.8
Chatham County,202.01,9.1
Chatham County,202.02,9.5
Chatham County,202.03,13.0
Chatham County,203,9.0
Chatham County,204.01,17.299999999999997
Chatham County,204.02,20.1
Chatham County,205,13.200000000000001
Chatham County,206,8.6
Chatham County,207.02,10.4
Chatham County,207.03,8.1
Chatham County,207.04,13.600000000000001
Chatham County,208.01,11.600000000000001
Chatham County,208.02,11.700000000000001
Chatham County,208.03,10.5
Cherokee County,9301.01,22.2
Cherokee County,9301.02,16.0
Cherokee County,9302,13.200000000000001
Cherokee County,9303,11.4
Cherokee County,9304.01,21.5
Cherokee County,9304.02,20.0
Cherokee County,9305.01,10.299999999999999
Cherokee County,9305.02,13.200000000000001
Cherokee County,9306.03,15.2
Cherokee County,9306.04,19.2
Cherokee County,9306.05,16.900000000000002
Cherokee County,9306.06,11.700000000000001
Chowan County,9301.01,20.200000000000003
Chowan County,9301.02,8.6
Chowan County,9302.01,15.0
Chowan County,9302.02,13.600000000000001
Clay County,9501.01,15.2
Clay County,9501.02,11.4
Clay County,9502.01,12.9
Clay County,9502.02,19.5
Cleveland County,9501.01,15.6
Cleveland County,9501.02,18.6
Cleveland County,9502,17.4
Cleveland County,9503.01,14.399999999999999
Cleveland County,9503.02,12.4
Cleveland County,9504,15.9
Cleveland County,9505,21.9
Cleveland County,9506.01,15.0
Cleveland County,9506.03,13.200000000000001
Cleveland County,9506.04,30.599999999999998
Cleveland County,9507.01,19.900000000000002
Cleveland County,9507.02,11.1
Cleveland County,9508,13.8
Cleveland County,9509,16.400000000000002
Cleveland County,9510,11.5
Cleveland County,9511,16.8
Cleveland County,9512,17.2
Cleveland County,9513,14.000000000000002
Cleveland County,9514,16.400000000000002
Cleveland County,9515.01,11.3
Cleveland County,9515.02,12.0
Cleveland County,9515.03,16.400000000000002
Cleveland County,9516.01,16.5
Cleveland County,9516.02,18.9
Columbus County,9301,13.600000000000001
Columbus County,9302,19.1
Columbus County,9303,13.600000000000001
Columbus County,9304,14.099999999999998
Columbus County,9305,15.1
Columbus County,9306,12.9
Columbus County,9307,16.5
Columbus County,9308,11.600000000000001
Columbus County,9309,15.9
Columbus County,9310,16.400000000000002
Columbus County,9311,20.4
Columbus County,9312.01,21.8
Columbus County,9312.02,11.4
Columbus County,9313.01,19.7
Columbus County,9313.02,19.8
Craven County,9601.01,11.700000000000001
Craven County,9601.02,16.3
Craven County,9602.01,19.7
Craven County,9602.02,16.2
Craven County,9603.01,11.0
Craven County,9603.02,15.1
Craven County,9604.01,13.0
Craven County,9604.02,11.700000000000001
Craven County,9604.03,6.9
Craven County,9604.04,10.5
Craven County,9605.01,13.0
Craven County,9605.02,17.599999999999998
Craven County,9606,12.4
Craven County,9607,17.9
Craven County,9608,17.9
Craven County,9609,23.1
Craven County,9610.02,13.3
Craven County,9610.03,7.8
Craven County,9610.04,10.2
Craven County,9611.01,13.200000000000001
Craven County,9611.02,16.3
Craven County,9612.01,15.7
Craven County,9612.02,
Craven County,9613.01,13.5
Craven County,9613.02,16.5
Craven County,9613.03,14.099999999999998
Cumberland County,10,31.3
Cumberland County,11,18.9
Cumberland County,12,21.099999999999998
Cumberland County,14.01,14.899999999999999
Cumberland County,14.02,24.9
Cumberland County,15,12.0
Cumberland County,16.03,21.9
Cumberland County,16.04,15.4
Cumberland County,16.05,17.599999999999998
Cumberland County,16.06,15.0
Cumberland County,17.01,29.7
Cumberland County,17.02,18.0
Cumberland County,18,23.1
Cumberland County,19.01,18.6
Cumberland County,19.02,20.4
Cumberland County,19.03,22.400000000000002
Cumberland County,2,32.7
Cumberland County,20.01,20.599999999999998
Cumberland County,20.02,18.4
Cumberland County,21,14.399999999999999
Cumberland County,22,16.6
Cumberland County,23.01,22.5
Cumberland County,23.02,23.9
Cumberland County,24.01,27.700000000000003
Cumberland County,24.02,17.299999999999997
Cumberland County,25.01,15.4
Cumberland County,25.03,15.5
Cumberland County,25.04,11.600000000000001
Cumberland County,25.05,25.3
Cumberland County,25.06,13.900000000000002
Cumberland County,26,16.1
Cumberland County,27.01,9.5
Cumberland County,27.02,14.000000000000002
Cumberland County,28.01,8.4
Cumberland County,28.02,20.200000000000003
Cumberland County,29,16.6
Cumberland County,30.02,13.200000000000001
Cumberland County,30.03,9.2
Cumberland County,30.04,8.799999999999999
Cumberland County,31.02,13.4
Cumberland County,31.03,13.4
Cumberland County,31.05,17.5
Cumberland County,31.06,16.6
Cumberland County,32.03,18.7
Cumberland County,32.05,12.9
Cumberland County,32.06,7.3
Cumberland County,32.07,10.9
Cumberland County,32.08,14.099999999999998
Cumberland County,32.09,12.5
Cumberland County,33.02,20.200000000000003
Cumberland County,33.04,18.0
Cumberland County,33.07,15.7
Cumberland County,33.10,14.399999999999999
Cumberland County,33.11,13.200000000000001
Cumberland County,33.12,14.399999999999999
Cumberland County,33.13,10.299999999999999
Cumberland County,33.14,12.3
Cumberland County,33.15,12.0
Cumberland County,33.16,17.299999999999997
Cumberland County,33.17,12.2
Cumberland County,33.18,10.8
Cumberland County,34.01,
Cumberland County,34.03,
Cumberland County,34.04,
Cumberland County,34.08,
Cumberland County,34.09,
Cumberland County,34.10,
Cumberland County,35.01,17.299999999999997
Cumberland County,35.02,17.2
Cumberland County,36.01,20.9
Cumberland County,36.02,19.8
Cumberland County,37,11.4
Cumberland County,38,22.900000000000002
Cumberland County,5,25.1
Cumberland County,6,16.5
Cumberland County,7.01,15.299999999999999
Cumberland County,7.02,13.4
Cumberland County,8,16.1
Cumberland County,9,12.9
Cumberland County,9801,
Cumberland County,9802,
Currituck County,1101.01,11.899999999999999
Currituck County,1101.02,7.8
Currituck County,1102.01,9.0
Currituck County,1102.02,9.0
Currituck County,1103.01,10.0
Currituck County,1103.02,15.7
Currituck County,1104.01,13.700000000000001
Currituck County,1104.03,8.6
Currituck County,1104.04,9.0
Currituck County,9901,
Dare County,9701.01,12.0
Dare County,9701.02,10.4
Dare County,9702,11.600000000000001
Dare County,9703.01,11.4
Dare County,9703.02,12.5
Dare County,9704,6.9
Dare County,9705.01,20.3
Dare County,9705.02,12.8
Dare County,9706.01,9.5
Dare County,9706.02,8.6
Dare County,9901,
Dare County,9902,
Davidson County,601.01,9.700000000000001
Davidson County,601.03,9.700000000000001
Davidson County,601.04,10.9
Davidson County,602.01,7.3999999999999995
Davidson County,602.02,13.600000000000001
Davidson County,602.03,10.299999999999999
Davidson County,603.01,12.8
Davidson County,603.02,13.900000000000002
Davidson County,603.03,11.1
Davidson County,603.04,9.3
Davidson County,604,14.099999999999998
Davidson County,605,14.2
Davidson County,606.01,10.6
Davidson County,606.02,12.2
Davidson County,607,14.399999999999999
Davidson County,608,18.6
Davidson County,609,17.599999999999998
Davidson County,610,15.1
Davidson County,611.01,17.7
Davidson County,611.02,18.0
Davidson County,612.02,10.9
Davidson County,612.03,14.099999999999998
Davidson County,612.04,19.8
Davidson County,613,19.3
Davidson County,614,30.4
Davidson County,615.01,17.2
Davidson County,615.02,11.600000000000001
Davidson County,616,15.8
Davidson County,617.01,10.6
Davidson County,617.03,16.2
Davidson County,617.04,14.6
Davidson County,617.05,14.2
Davidson County,618.03,13.3
Davidson County,618.05,15.8
Davidson County,618.06,12.5
Davidson County,618.07,12.7
Davidson County,618.08,12.8
Davidson County,619.02,17.5
Davidson County,619.03,22.5
Davidson County,619.04,11.0
Davidson County,620.01,13.900000000000002
Davidson County,620.02,16.8
Davie County,801.01,16.1
Davie County,801.02,11.0
Davie County,802,9.2
Davie County,803.01,10.2
Davie County,803.02,15.4
Davie County,804,10.6
Davie County,805,16.0
Davie County,806,15.5
Davie County,807.01,19.3
Davie County,807.02,22.3
Duplin County,901.01,18.0
Duplin County,901.02,18.7
Duplin County,901.03,22.900000000000002
Duplin County,902.01,8.4
Duplin County,902.02,18.2
Duplin County,903.01,13.8
Duplin County,903.02,14.399999999999999
Duplin County,904.01,13.200000000000001
Duplin County,904.02,13.3
Duplin County,905.03,14.099999999999998
Duplin County,905.04,13.5
Duplin County,905.05,16.5
Duplin County,905.06,11.4
Duplin County,906,14.899999999999999
Duplin County,907.03,11.600000000000001
Duplin County,907.04,13.0
Duplin County,907.05,16.3
Duplin County,907.06,19.5
Duplin County,908.01,20.599999999999998
Duplin County,908.03,13.3
Duplin County,908.04,19.5
Durham County,1.01,11.600000000000001
Durham County,1.02,15.0
Durham County,10.01,21.0
Durham County,10.02,18.9
Durham County,11,23.3
Durham County,13.01,14.6
Durham County,13.03,
Durham County,13.04,20.0
Durham County,14,20.200000000000003
Durham County,15.01,
Durham County,15.03,
Durham County,15.04,26.3
Durham County,15.05,23.599999999999998
Durham County,16.01,8.7
Durham County,16.03,5.800000000000001
Durham County,16.04,7.7
Durham County,17.05,13.900000000000002
Durham County,17.06,9.700000000000001
Durham County,17.08,14.7
Durham County,17.09,15.1
Durham County,17.10,10.5
Durham County,17.11,12.0
Durham County,17.12,11.200000000000001
Durham County,17.13,10.0
Durham County,18.01,10.4
Durham County,18.02,14.499999999999998
Durham County,18.06,6.9
Durham County,18.08,4.8
Durham County,18.09,10.299999999999999
Durham County,18.10,10.100000000000001
Durham County,18.11,6.9
Durham County,19,11.1
Durham County,2,18.7
Durham County,20.07,7.199999999999999
Durham County,20.08,4.8
Durham County,20.09,13.5
Durham County,20.13,7.199999999999999
Durham County,20.15,15.8
Durham County,20.19,10.9
Durham County,20.20,3.0
Durham County,20.21,8.799999999999999
Durham County,20.22,13.5
Durham County,20.23,10.9
Durham County,20.24,6.9
Durham County,20.25,8.7
Durham County,20.26,12.1
Durham County,20.29,12.2
Durham County,20.30,6.9
Durham County,20.31,14.6
Durham County,20.32,14.7
Durham County,20.33,11.0
Durham County,20.34,10.5
Durham County,20.35,5.5
Durham County,20.36,10.2
Durham County,20.37,7.3
Durham County,20.38,7.8
Durham County,21,7.9
Durham County,22,11.5
Durham County,23,19.6
Durham County,3.01,13.3
Durham County,3.02,11.0
Durham County,4.01,11.5
Durham County,4.02,19.1
Durham County,5,16.8
Durham County,6,10.0
Durham County,7,12.6
Durham County,9,10.2
Durham County,9801,
Edgecombe County,202,14.2
Edgecombe County,203,19.7
Edgecombe County,204,15.1
Edgecombe County,206,18.8
Edgecombe County,207,18.5
Edgecombe County,208,17.9
Edgecombe County,209,13.200000000000001
Edgecombe County,210,13.5
Edgecombe County,211,15.2
Edgecombe County,212,14.2
Edgecombe County,213,11.899999999999999
Edgecombe County,214,16.1
Edgecombe County,215,16.2
Edgecombe County,216,14.6
Forsyth County,1,15.5
Forsyth County,10,11.1
Forsyth County,11,21.7
Forsyth County,12,10.6
Forsyth County,13,
Forsyth County,14,21.4
Forsyth County,15,16.900000000000002
Forsyth County,16.01,11.799999999999999
Forsyth County,16.02,16.6
Forsyth County,17,18.3
Forsyth County,18,12.8
Forsyth County,19.01,18.8
Forsyth County,19.02,12.5
Forsyth County,2,26.700000000000003
Forsyth County,20.01,16.3
Forsyth County,20.02,19.6
Forsyth County,21,10.299999999999999
Forsyth County,22,12.6
Forsyth County,25.01,9.700000000000001
Forsyth County,25.02,9.3
Forsyth County,26.01,7.3
Forsyth County,26.04,7.6
Forsyth County,26.05,9.6
Forsyth County,26.06,13.100000000000001
Forsyth County,27.01,10.5
Forsyth County,27.02,20.0
Forsyth County,27.04,16.6
Forsyth County,27.05,23.599999999999998
Forsyth County,28.01,8.1
Forsyth County,28.04,14.2
Forsyth County,28.06,17.7
Forsyth County,28.07,10.6
Forsyth County,28.08,12.2
Forsyth County,28.09,8.1
Forsyth County,29.01,14.000000000000002
Forsyth County,29.03,14.000000000000002
Forsyth County,29.04,13.200000000000001
Forsyth County,3.01,29.2
Forsyth County,3.02,22.900000000000002
Forsyth County,30.02,11.200000000000001
Forsyth County,30.03,12.5
Forsyth County,30.04,10.299999999999999
Forsyth County,31.03,10.100000000000001
Forsyth County,31.05,15.2
Forsyth County,31.06,10.7
Forsyth County,31.07,9.5
Forsyth County,31.08,16.2
Forsyth County,32.01,10.4
Forsyth County,32.02,16.8
Forsyth County,33.07,9.3
Forsyth County,33.08,10.2
Forsyth County,33.09,15.9
Forsyth County,33.10,8.5
Forsyth County,33.11,7.1
Forsyth County,33.12,13.100000000000001
Forsyth County,33.13,11.600000000000001
Forsyth County,33.14,10.100000000000001
Forsyth County,33.15,13.8
Forsyth County,34.02,14.799999999999999
Forsyth County,34.03,18.6
Forsyth County,34.04,23.400000000000002
Forsyth County,35,23.5
Forsyth County,36,12.5
Forsyth County,37.01,20.0
Forsyth County,37.02,11.899999999999999
Forsyth County,37.03,11.1
Forsyth County,38.03,12.0
Forsyth County,38.04,12.5
Forsyth County,38.05,17.2
Forsyth County,38.06,15.5
Forsyth County,39.03,19.6
Forsyth County,39.04,8.7
Forsyth County,39.05,14.2
Forsyth County,39.06,7.7
Forsyth County,39.08,5.7
Forsyth County,39.09,9.6
Forsyth County,4,38.0
Forsyth County,40.05,9.6
Forsyth County,40.07,10.6
Forsyth County,40.09,7.1
Forsyth County,40.10,8.3
Forsyth County,40.11,11.200000000000001
Forsyth County,40.12,12.0
Forsyth County,40.13,10.4
Forsyth County,40.14,12.3
Forsyth County,40.15,11.0
Forsyth County,41.02,10.299999999999999
Forsyth County,41.03,7.199999999999999
Forsyth County,41.04,10.100000000000001
Forsyth County,5,37.5
Forsyth County,6,25.0
Forsyth County,7,23.599999999999998
Forsyth County,8.01,
Forsyth County,8.02,
Forsyth County,9,20.8
Franklin County,601,15.5
Franklin County,602,12.1
Franklin County,603.01,15.7
Franklin County,603.02,15.299999999999999
Franklin County,604.01,9.9
Franklin County,604.03,14.099999999999998
Franklin County,604.04,12.1
Franklin County,605.01,10.8
Franklin County,605.02,7.6
Franklin County,606.01,11.0
Franklin County,606.02,14.299999999999999
Franklin County,607.01,14.299999999999999
Franklin County,607.02,16.8
Franklin County,607.03,14.000000000000002
Franklin County,608.01,13.8
Franklin County,608.02,9.1
Gaston County,301.03,13.900000000000002
Gaston County,301.04,11.1
Gaston County,301.05,10.6
Gaston County,301.06,7.1
Gaston County,302.05,10.5
Gaston County,302.06,6.0
Gaston County,302.07,13.900000000000002
Gaston County,302.08,13.100000000000001
Gaston County,302.09,10.7
Gaston County,303.01,14.799999999999999
Gaston County,303.02,16.3
Gaston County,304.01,10.5
Gaston County,304.03,11.600000000000001
Gaston County,304.04,12.8
Gaston County,305.01,10.6
Gaston County,305.03,13.900000000000002
Gaston County,305.04,9.4
Gaston County,306.01,13.0
Gaston County,306.02,15.0
Gaston County,307,12.0
Gaston County,308.01,17.599999999999998
Gaston County,308.02,15.7
Gaston County,309.01,14.399999999999999
Gaston County,309.02,9.6
Gaston County,310.01,12.9
Gaston County,310.04,17.2
Gaston County,310.05,8.6
Gaston County,310.06,13.3
Gaston County,311.01,13.5
Gaston County,311.02,20.200000000000003
Gaston County,312.02,20.1
Gaston County,312.03,12.6
Gaston County,312.04,14.7
Gaston County,313.01,10.0
Gaston County,313.03,24.6
Gaston County,313.04,14.899999999999999
Gaston County,314.01,11.799999999999999
Gaston County,314.02,15.5
Gaston County,315,22.7
Gaston County,316,15.299999999999999
Gaston County,317.03,13.4
Gaston County,317.04,18.9
Gaston County,317.05,11.700000000000001
Gaston County,317.06,25.6
Gaston County,318,15.7
Gaston County,319.01,30.0
Gaston County,319.02,26.0
Gaston County,320,12.7
Gaston County,321,18.8
Gaston County,322.01,13.700000000000001
Gaston County,322.02,14.000000000000002
Gaston County,323.01,10.6
Gaston County,323.02,19.0
Gaston County,324.03,20.3
Gaston County,324.04,9.1
Gaston County,324.05,7.199999999999999
Gaston County,324.06,6.2
Gaston County,325.05,9.9
Gaston County,325.06,13.3
Gaston County,325.07,4.9
Gaston County,325.08,8.1
Gaston County,325.09,5.8999999999999995
Gaston County,325.10,5.3
Gaston County,326,11.0
Gaston County,327.02,14.6
Gaston County,327.03,19.6
Gaston County,327.04,13.3
Gaston County,328.01,19.7
Gaston County,328.02,17.8
Gaston County,329,17.9
Gaston County,331,13.600000000000001
Gaston County,332.02,10.7
Gaston County,332.03,23.400000000000002
Gaston County,332.04,21.9
Gaston County,333.03,6.5
Gaston County,333.06,11.1
Gaston County,333.08,7.000000000000001
Gaston County,333.09,7.3
Gaston County,333.10,12.8
Gaston County,333.11,11.799999999999999
Gaston County,333.12,7.8
Gaston County,333.13,5.4
Gaston County,334,16.7
Gaston County,335.01,14.2
Gaston County,335.02,9.3
Gates County,9701,15.4
Gates County,9702,15.299999999999999
Gates County,9703,15.299999999999999
Graham County,9201,17.299999999999997
Graham County,9202,12.9
Graham County,9203,18.0
Granville County,9701.01,18.099999999999998
Granville County,9701.02,12.8
Granville County,9702,11.799999999999999
Granville County,9703,15.7
Granville County,9704,16.3
Granville County,9705,11.700000000000001
Granville County,9706.01,9.9
Granville County,9706.04,12.3
Granville County,9706.05,9.0
Granville County,9706.06,7.1
Granville County,9706.07,9.6
Granville County,9707.01,8.4
Granville County,9707.02,22.400000000000002
Granville County,9707.03,14.099999999999998
Granville County,9707.04,
Greene County,9501.01,13.8
Greene County,9501.02,15.8
Greene County,9502,18.9
Greene County,9503.01,15.299999999999999
Greene County,9503.02,17.9
Guilford County,101,16.3
Guilford County,102,18.0
Guilford County,103,18.0
Guilford County,104.01,10.5
Guilford County,104.03,13.900000000000002
Guilford County,104.04,6.6000000000000005
Guilford County,105,12.1
Guilford County,106.01,14.399999999999999
Guilford County,106.02,
Guilford County,107.01,13.200000000000001
Guilford County,107.02,
Guilford County,108,14.899999999999999
Guilford County,109,21.9
Guilford County,110,
Guilford County,111.01,17.2
Guilford County,111.02,12.3
Guilford County,112.01,
Guilford County,112.02,23.1
Guilford County,113,15.7
Guilford County,114,28.7
Guilford County,115,23.0
Guilford County,116.01,14.899999999999999
Guilford County,116.02,15.0
Guilford County,119.04,14.299999999999999
Guilford County,119.05,16.0
Guilford County,125.03,8.7
Guilford County,125.04,15.2
Guilford County,125.05,6.9
Guilford County,125.08,15.7
Guilford County,125.09,8.7
Guilford County,125.10,9.6
Guilford County,125.11,6.800000000000001
Guilford County,126.04,15.9
Guilford County,126.07,22.3
Guilford County,126.08,24.9
Guilford County,126.10,8.1
Guilford County,126.11,13.3
Guilford County,126.12,15.4
Guilford County,126.17,9.9
Guilford County,126.18,14.399999999999999
Guilford County,126.19,13.100000000000001
Guilford County,126.20,15.2
Guilford County,126.21,12.1
Guilford County,127.03,17.7
Guilford County,127.04,17.8
Guilford County,127.05,15.299999999999999
Guilford County,127.06,23.0
Guilford County,127.07,24.7
Guilford County,128.03,6.3
Guilford County,128.04,10.7
Guilford County,128.05,13.600000000000001
Guilford County,136.01,
Guilford County,136.02,18.7
Guilford County,137,10.100000000000001
Guilford County,138,27.3
Guilford County,139,25.8
Guilford County,140,16.8
Guilford County,142,25.0
Guilford County,143,20.1
Guilford County,144.06,11.799999999999999
Guilford County,144.07,10.6
Guilford County,144.08,26.0
Guilford County,144.09,14.7
Guilford County,144.10,16.1
Guilford County,144.11,10.4
Guilford County,144.12,12.5
Guilford County,145.01,21.2
Guilford County,145.02,18.099999999999998
Guilford County,145.03,19.1
Guilford County,151,9.8
Guilford County,152.01,13.4
Guilford County,152.02,5.5
Guilford County,153.01,7.000000000000001
Guilford County,153.02,16.2
Guilford County,154.01,7.8
Guilford County,154.02,10.299999999999999
Guilford County,155,13.4
Guilford County,156.01,8.1
Guilford County,156.02,6.800000000000001
Guilford County,157.03,15.0
Guilford County,157.04,15.6
Guilford County,157.05,11.700000000000001
Guilford County,157.06,3.4000000000000004
Guilford County,157.07,8.6
Guilford County,158,9.5
Guilford County,159.01,8.9
Guilford County,159.02,8.0
Guilford County,160.03,5.6000000000000005
Guilford County,160.05,12.8
Guilford County,160.06,11.5
Guilford County,160.07,12.4
Guilford County,160.08,6.800000000000001
Guilford County,160.09,5.3
Guilford County,160.10,12.9
Guilford County,160.11,15.299999999999999
Guilford County,161.01,14.7
Guilford County,161.02,15.8
Guilford County,161.03,12.9
Guilford County,162.01,9.2
Guilford County,162.03,8.9
Guilford County,162.04,5.7
Guilford County,162.05,5.6000000000000005
Guilford County,163.03,9.2
Guilford County,163.04,8.7
Guilford County,163.05,8.4
Guilford County,163.06,10.4
Guilford County,164.05,10.5
Guilford County,164.06,10.2
Guilford County,164.07,11.1
Guilford County,164.08,6.4
Guilford County,164.09,8.9
Guilford County,164.10,8.1
Guilford County,165.02,12.7
Guilford County,165.03,11.3
Guilford County,165.05,8.0
Guilford County,165.06,5.6000000000000005
Guilford County,166,16.0
Guilford County,167.01,5.6000000000000005
Guilford County,167.02,15.299999999999999
Guilford County,168,13.900000000000002
Guilford County,169,9.8
Guilford County,170,10.2
Guilford County,171.01,6.4
Guilford County,171.02,9.4
Guilford County,172,8.1
Guilford County,9801,
Halifax County,9301,22.1
Halifax County,9302,12.9
Halifax County,9303,16.3
Halifax County,9304,22.5
Halifax County,9305.01,19.5
Halifax County,9305.03,16.5
Halifax County,9305.04,24.2
Halifax County,9306,12.4
Halifax County,9307.01,15.299999999999999
Halifax County,9307.02,11.600000000000001
Halifax County,9308,16.5
Halifax County,9309.01,19.7
Halifax County,9309.02,22.0
Halifax County,9310,16.0
Halifax County,9311.01,15.6
Halifax County,9311.02,19.7
Harnett County,701,16.400000000000002
Harnett County,702,13.4
Harnett County,703,15.6
Harnett County,704.01,14.499999999999998
Harnett County,704.02,14.299999999999999
Harnett County,705,13.200000000000001
Harnett County,706,12.3
Harnett County,707,13.200000000000001
Harnett County,708.01,12.3
Harnett County,708.02,
Harnett County,709.01,6.800000000000001
Harnett County,709.02,21.3
Harnett County,709.03,9.1
Harnett County,709.04,11.200000000000001
Harnett County,710.02,13.3
Harnett County,710.03,10.0
Harnett County,710.04,10.6
Harnett County,711.01,16.400000000000002
Harnett County,711.02,11.899999999999999
Harnett County,712.01,12.8
Harnett County,712.02,17.2
Harnett County,712.03,14.2
Harnett County,712.04,16.5
Harnett County,713.01,13.0
Harnett County,713.02,12.5
Harnett County,713.03,11.200000000000001
Harnett County,714.01,14.6
Harnett County,714.02,18.2
Haywood County,9201.01,14.799999999999999
Haywood County,9201.02,10.8
Haywood County,9202.01,15.1
Haywood County,9202.02,11.600000000000001
Haywood County,9203,14.499999999999998
Haywood County,9204,15.7
Haywood County,9205.01,10.0
Haywood County,9205.02,10.6
Haywood County,9206.01,13.700000000000001
Haywood County,9206.02,14.6
Haywood County,9207.01,10.100000000000001
Haywood County,9207.02,12.8
Haywood County,9208,14.7
Haywood County,9209,17.2
Haywood County,9210,11.4
Haywood County,9211,23.200000000000003
Haywood County,9212.01,15.0
Haywood County,9212.02,15.4
Haywood County,9213.01,12.2
Haywood County,9213.02,20.5
Haywood County,9801,
Henderson County,9301,14.499999999999998
Henderson County,9302.01,15.5
Henderson County,9302.02,15.9
Henderson County,9303.01,14.7
Henderson County,9303.02,21.099999999999998
Henderson County,9304.01,12.6
Henderson County,9304.02,16.0
Henderson County,9305.01,11.5
Henderson County,9305.02,10.6
Henderson County,9306,9.8
Henderson County,9307.01,8.7
Henderson County,9307.02,11.799999999999999
Henderson County,9307.03,12.8
Henderson County,9308,11.799999999999999
Henderson County,9309,10.9
Henderson County,9310,21.099999999999998
Henderson County,9311,11.200000000000001
Henderson County,9312,16.6
Henderson County,9313,15.6
Henderson County,9314.01,15.4
Henderson County,9314.02,16.2
Henderson County,9315,10.299999999999999
Henderson County,9316,12.3
Henderson County,9317,9.2
Henderson County,9318.01,9.3
Henderson County,9318.02,11.799999999999999
Henderson County,9319.01,10.4
Henderson County,9319.02,11.4
Henderson County,9320,16.2
Henderson County,9801,
Hertford County,9501.01,15.2
Hertford County,9501.02,15.8
Hertford County,9502.01,14.799999999999999
Hertford County,9502.02,16.0
Hertford County,9503,8.9
Hertford County,9504.01,15.5
Hertford County,9504.02,17.8
Hertford County,9800,
Hoke County,9701.04,16.400000000000002
Hoke County,9701.05,12.6
Hoke County,9701.06,12.4
Hoke County,9701.07,12.7
Hoke County,9701.08,9.3
Hoke County,9701.09,12.3
Hoke County,9702.01,15.6
Hoke County,9702.02,18.2
Hoke County,9703,20.599999999999998
Hoke County,9704.01,20.0
Hoke County,9704.02,17.599999999999998
Hoke County,9801,
Hyde County,9201.01,28.4
Hyde County,9201.02,11.4
Hyde County,9901,
Hyde County,9902,
Iredell County,601,14.399999999999999
Iredell County,602,21.6
Iredell County,603,18.6
Iredell County,604,17.2
Iredell County,605,16.0
Iredell County,606.01,12.2
Iredell County,606.02,9.1
Iredell County,606.03,21.099999999999998
Iredell County,607.01,19.3
Iredell County,607.02,10.9
Iredell County,607.03,8.1
Iredell County,608.01,10.7
Iredell County,608.02,14.099999999999998
Iredell County,609.01,15.4
Iredell County,609.02,11.700000000000001
Iredell County,610.01,11.200000000000001
Iredell County,610.02,13.8
Iredell County,610.03,14.899999999999999
Iredell County,611.01,13.8
Iredell County,611.02,13.3
Iredell County,611.03,16.1
Iredell County,611.04,17.4
Iredell County,612.01,8.4
Iredell County,612.02,8.5
Iredell County,612.03,8.9
Iredell County,612.04,6.800000000000001
Iredell County,612.05,8.5
Iredell County,613.01,14.899999999999999
Iredell County,613.02,11.5
Iredell County,613.03,9.0
Iredell County,613.04,10.9
Iredell County,614.01,5.800000000000001
Iredell County,614.02,10.6
Iredell County,614.03,10.7
Iredell County,614.04,13.5
Iredell County,614.05,9.2
Iredell County,614.06,6.800000000000001
Iredell County,614.07,9.700000000000001
Iredell County,614.08,8.200000000000001
Iredell County,615.01,11.899999999999999
Iredell County,615.02,8.7
Iredell County,615.03,8.5
Iredell County,616.01,15.5
Iredell County,616.03,13.0
Iredell County,616.04,11.899999999999999
Iredell County,616.05,8.7
Jackson County,9402,24.099999999999998
Jackson County,9502,12.7
Jackson County,9503,20.9
Jackson County,9504,15.8
Jackson County,9505,12.1
Jackson County,9506,
Jackson County,9507,10.2
Jackson County,9508,15.4
Jackson County,9509,9.4
Johnston County,401.01,14.099999999999998
Johnston County,401.02,15.4
Johnston County,401.03,15.4
Johnston County,402.04,9.3
Johnston County,402.05,9.4
Johnston County,402.06,12.0
Johnston County,402.07,6.800000000000001
Johnston County,402.08,6.2
Johnston County,402.09,12.2
Johnston County,402.10,9.3
Johnston County,403.01,16.2
Johnston County,403.03,15.4
Johnston County,403.04,12.5
Johnston County,404,11.3
Johnston County,405.01,18.8
Johnston County,405.02,11.1
Johnston County,406,20.3
Johnston County,407,17.5
Johnston County,408,21.4
Johnston County,409.03,11.200000000000001
Johnston County,409.04,8.7
Johnston County,409.05,11.799999999999999
Johnston County,409.06,10.5
Johnston County,410.01,9.6
Johnston County,410.03,8.4
Johnston County,410.04,15.6
Johnston County,410.05,7.6
Johnston County,411.04,8.1
Johnston County,411.05,10.4
Johnston County,411.06,9.700000000000001
Johnston County,411.07,5.800000000000001
Johnston County,411.08,9.8
Johnston County,411.09,13.100000000000001
Johnston County,411.10,8.799999999999999
Johnston County,411.11,11.200000000000001
Johnston County,411.12,11.3
Johnston County,411.13,18.6
Johnston County,412.03,14.2
Johnston County,412.04,12.0
Johnston County,412.05,14.899999999999999
Johnston County,412.06,18.4
Johnston County,413.01,12.7
Johnston County,413.02,14.7
Johnston County,414.01,11.799999999999999
Johnston County,414.02,15.7
Johnston County,415.04,5.2
Johnston County,415.05,8.3
Johnston County,415.06,8.9
Johnston County,415.07,9.9
Johnston County,415.08,9.1
Johnston County,415.09,8.5
Johnston County,415.10,12.3
Johnston County,415.11,18.0
Jones County,9201,13.5
Jones County,9202,16.8
Jones County,9203,14.899999999999999
Lee County,301.01,14.899999999999999
Lee County,301.02,7.7
Lee County,302,26.900000000000002
Lee County,303,25.4
Lee County,304.01,16.7
Lee County,304.02,19.900000000000002
Lee County,305.02,12.9
Lee County,305.04,15.7
Lee County,305.05,14.099999999999998
Lee County,305.06,13.600000000000001
Lee County,305.07,16.0
Lee County,306.01,7.3999999999999995
Lee County,306.02,9.6
Lee County,307.02,14.6
Lee County,307.03,13.3
Lee County,307.04,19.3
Lenoir County,101,17.599999999999998
Lenoir County,102,17.599999999999998
Lenoir County,103,38.4
Lenoir County,104,29.2
Lenoir County,105,27.1
Lenoir County,106,17.2
Lenoir County,107,25.3
Lenoir County,108,22.1
Lenoir County,109,14.2
Lenoir County,110.01,12.6
Lenoir County,110.02,11.0
Lenoir County,111,17.7
Lenoir County,112.01,15.5
Lenoir County,112.02,15.8
Lenoir County,113.01,15.8
Lenoir County,113.02,20.0
Lenoir County,114,15.0
Lincoln County,701,19.6
Lincoln County,702.01,16.900000000000002
Lincoln County,702.02,10.0
Lincoln County,703,14.2
Lincoln County,704,17.8
Lincoln County,705,15.5
Lincoln County,706,14.2
Lincoln County,707,11.4
Lincoln County,708,15.5
Lincoln County,709.01,11.700000000000001
Lincoln County,709.02,8.3
Lincoln County,710.01,9.9
Lincoln County,710.02,14.000000000000002
Lincoln County,711.01,11.5
Lincoln County,711.02,8.0
Lincoln County,712.01,9.0
Lincoln County,712.02,9.3
Lincoln County,712.03,8.200000000000001
Macon County,9701,9.1
Macon County,9702,14.7
Macon County,9703.02,12.0
Macon County,9703.03,17.9
Macon County,9703.04,24.3
Macon County,9704,13.3
Macon County,9705.01,11.700000000000001
Macon County,9705.02,12.0
Macon County,9706,14.6
Macon County,9707,19.6
Madison County,101,15.2
Madison County,102,15.2
Madison County,104,15.4
Madison County,105,11.4
Madison County,106.01,11.4
Madison County,106.02,11.5
Madison County,107,15.1
Martin County,9701,18.7
Martin County,9702,26.200000000000003
Martin County,9703,17.299999999999997
Martin County,9704,17.7
Martin County,9705,13.100000000000001
Martin County,9706,14.499999999999998
McDowell County,9701.01,18.7
McDowell County,9701.02,10.6
McDowell County,9702,14.6
McDowell County,9703,17.599999999999998
McDowell County,9704,25.8
McDowell County,9705,16.3
McDowell County,9706,16.5
McDowell County,9707,15.1
McDowell County,9708,20.5
McDowell County,9709.02,14.099999999999998
McDowell County,9709.03,13.3
McDowell County,9709.04,14.399999999999999
Mecklenburg County,1.01,
Mecklenburg County,1.02,
Mecklenburg County,1.03,
Mecklenburg County,1.04,11.700000000000001
Mecklenburg County,10,9.6
Mecklenburg County,11,10.2
Mecklenburg County,12,13.5
Mecklenburg County,13,13.700000000000001
Mecklenburg County,14,12.3
Mecklenburg County,15.04,16.0
Mecklenburg County,15.05,12.2
Mecklenburg County,15.07,17.8
Mecklenburg County,15.08,9.8
Mecklenburg County,15.09,13.100000000000001
Mecklenburg County,15.10,13.5
Mecklenburg County,16.03,13.900000000000002
Mecklenburg County,16.05,16.2
Mecklenburg County,16.06,16.2
Mecklenburg County,16.07,15.1
Mecklenburg County,16.08,22.5
Mecklenburg County,16.09,13.5
Mecklenburg County,17.01,20.9
Mecklenburg County,17.02,18.0
Mecklenburg County,18.01,13.3
Mecklenburg County,18.02,10.9
Mecklenburg County,19.10,12.7
Mecklenburg County,19.11,10.6
Mecklenburg County,19.14,13.5
Mecklenburg County,19.16,12.2
Mecklenburg County,19.17,20.0
Mecklenburg County,19.18,13.8
Mecklenburg County,19.19,15.9
Mecklenburg County,19.20,22.400000000000002
Mecklenburg County,19.21,9.4
Mecklenburg County,19.22,13.3
Mecklenburg County,19.23,16.7
Mecklenburg County,19.24,20.0
Mecklenburg County,19.25,12.0
Mecklenburg County,19.26,16.400000000000002
Mecklenburg County,19.27,6.0
Mecklenburg County,20.04,8.1
Mecklenburg County,20.05,14.799999999999999
Mecklenburg County,20.06,11.799999999999999
Mecklenburg County,20.07,17.8
Mecklenburg County,20.08,5.1
Mecklenburg County,21,12.2
Mecklenburg County,22.01,7.5
Mecklenburg County,22.02,10.5
Mecklenburg County,23,31.8
Mecklenburg County,24,10.0
Mecklenburg County,25,10.299999999999999
Mecklenburg County,26,13.600000000000001
Mecklenburg County,27.01,5.800000000000001
Mecklenburg County,27.02,9.2
Mecklenburg County,28,5.6000000000000005
Mecklenburg County,29.03,8.799999999999999
Mecklenburg County,29.05,7.5
Mecklenburg County,29.07,10.9
Mecklenburg County,29.08,7.7
Mecklenburg County,29.09,9.5
Mecklenburg County,29.10,9.0
Mecklenburg County,3.01,11.600000000000001
Mecklenburg County,3.02,13.8
Mecklenburg County,30.06,8.200000000000001
Mecklenburg County,30.08,11.200000000000001
Mecklenburg County,30.12,10.7
Mecklenburg County,30.13,5.5
Mecklenburg County,30.15,8.7
Mecklenburg County,30.16,8.9
Mecklenburg County,30.17,9.1
Mecklenburg County,30.18,8.5
Mecklenburg County,30.19,6.5
Mecklenburg County,30.20,5.5
Mecklenburg County,30.21,11.899999999999999
Mecklenburg County,30.22,9.9
Mecklenburg County,31.02,10.4
Mecklenburg County,31.05,9.9
Mecklenburg County,31.06,11.600000000000001
Mecklenburg County,31.08,16.900000000000002
Mecklenburg County,31.09,16.1
Mecklenburg County,31.10,5.800000000000001
Mecklenburg County,31.11,18.099999999999998
Mecklenburg County,32.01,8.6
Mecklenburg County,32.03,12.8
Mecklenburg County,32.04,15.9
Mecklenburg County,33.01,10.7
Mecklenburg County,33.02,10.299999999999999
Mecklenburg County,34.01,13.100000000000001
Mecklenburg County,34.02,6.0
Mecklenburg County,35,8.3
Mecklenburg County,36,10.299999999999999
Mecklenburg County,37.01,10.100000000000001
Mecklenburg County,37.02,22.1
Mecklenburg County,38.02,14.6
Mecklenburg County,38.05,12.3
Mecklenburg County,38.07,18.2
Mecklenburg County,38.08,19.400000000000002
Mecklenburg County,38.09,13.4
Mecklenburg County,38.10,14.000000000000002
Mecklenburg County,38.11,16.6
Mecklenburg County,39.02,18.7
Mecklenburg County,39.03,33.1
Mecklenburg County,4.01,14.499999999999998
Mecklenburg County,4.02,14.799999999999999
Mecklenburg County,40,17.7
Mecklenburg County,41.01,12.5
Mecklenburg County,41.02,14.299999999999999
Mecklenburg County,42,13.600000000000001
Mecklenburg County,43.02,12.8
Mecklenburg County,43.03,10.6
Mecklenburg County,43.04,11.5
Mecklenburg County,43.06,16.6
Mecklenburg County,43.07,14.2
Mecklenburg County,44,10.6
Mecklenburg County,45,13.4
Mecklenburg County,46,11.3
Mecklenburg County,47,
Mecklenburg County,48,12.9
Mecklenburg County,49,11.899999999999999
Mecklenburg County,5.01,12.3
Mecklenburg County,5.02,12.4
Mecklenburg County,5.03,17.4
Mecklenburg County,50,6.9
Mecklenburg County,51,21.099999999999998
Mecklenburg County,52,17.9
Mecklenburg County,53.01,15.7
Mecklenburg County,53.05,14.899999999999999
Mecklenburg County,53.06,14.2
Mecklenburg County,53.07,19.400000000000002
Mecklenburg County,53.08,20.4
Mecklenburg County,54.03,8.3
Mecklenburg County,54.04,7.1
Mecklenburg County,54.05,3.9
Mecklenburg County,54.06,5.8999999999999995
Mecklenburg County,55.08,4.5
Mecklenburg County,55.10,8.200000000000001
Mecklenburg County,55.11,5.8999999999999995
Mecklenburg County,55.12,7.7
Mecklenburg County,55.13,7.5
Mecklenburg County,55.15,6.1
Mecklenburg County,55.16,3.1
Mecklenburg County,55.17,3.5000000000000004
Mecklenburg County,55.19,6.6000000000000005
Mecklenburg County,55.20,5.5
Mecklenburg County,55.22,9.0
Mecklenburg County,55.25,8.9
Mecklenburg County,55.26,4.3
Mecklenburg County,55.27,7.000000000000001
Mecklenburg County,55.28,9.1
Mecklenburg County,55.29,10.9
Mecklenburg County,55.30,6.7
Mecklenburg County,55.31,8.3
Mecklenburg County,55.32,12.0
Mecklenburg County,55.33,14.399999999999999
Mecklenburg County,55.34,14.099999999999998
Mecklenburg County,55.35,7.1
Mecklenburg County,55.36,7.8
Mecklenburg County,56.04,
Mecklenburg County,56.09,
Mecklenburg County,56.10,7.1
Mecklenburg County,56.11,5.6000000000000005
Mecklenburg County,56.12,7.9
Mecklenburg County,56.13,8.799999999999999
Mecklenburg County,56.15,4.1000000000000005
Mecklenburg County,56.16,14.499999999999998
Mecklenburg County,56.17,4.0
Mecklenburg County,56.18,8.6
Mecklenburg County,56.19,6.7
Mecklenburg County,56.21,11.4
Mecklenburg County,56.22,12.7
Mecklenburg County,56.23,7.8
Mecklenburg County,56.24,5.6000000000000005
Mecklenburg County,56.25,8.0
Mecklenburg County,56.26,7.3
Mecklenburg County,56.27,8.7
Mecklenburg County,57.09,8.3
Mecklenburg County,57.10,10.100000000000001
Mecklenburg County,57.12,6.3
Mecklenburg County,57.13,9.700000000000001
Mecklenburg County,57.14,6.2
Mecklenburg County,57.15,8.799999999999999
Mecklenburg County,57.16,8.5
Mecklenburg County,57.18,9.5
Mecklenburg County,57.19,12.8
Mecklenburg County,57.20,11.5
Mecklenburg County,57.21,13.700000000000001
Mecklenburg County,57.22,8.200000000000001
Mecklenburg County,57.23,9.9
Mecklenburg County,58.11,10.0
Mecklenburg County,58.15,10.7
Mecklenburg County,58.16,7.3
Mecklenburg County,58.17,10.8
Mecklenburg County,58.24,13.8
Mecklenburg County,58.26,9.1
Mecklenburg County,58.27,11.799999999999999
Mecklenburg County,58.28,7.3999999999999995
Mecklenburg County,58.29,13.4
Mecklenburg County,58.30,8.9
Mecklenburg County,58.32,7.000000000000001
Mecklenburg County,58.33,7.9
Mecklenburg County,58.34,10.2
Mecklenburg County,58.35,9.4
Mecklenburg County,58.36,12.5
Mecklenburg County,58.39,13.200000000000001
Mecklenburg County,58.40,8.4
Mecklenburg County,58.43,8.3
Mecklenburg County,58.45,6.9
Mecklenburg County,58.46,5.5
Mecklenburg County,58.47,7.6
Mecklenburg County,58.48,5.1
Mecklenburg County,58.49,6.9
Mecklenburg County,58.50,14.6
Mecklenburg County,58.51,9.6
Mecklenburg County,58.52,14.099999999999998
Mecklenburg County,58.53,9.9
Mecklenburg County,58.54,
Mecklenburg County,58.55,9.8
Mecklenburg County,58.56,6.5
Mecklenburg County,58.57,6.4
Mecklenburg County,58.58,11.0
Mecklenburg County,58.59,7.8
Mecklenburg County,58.60,12.6
Mecklenburg County,58.61,10.0
Mecklenburg County,58.62,7.7
Mecklenburg County,58.63,8.7
Mecklenburg County,58.64,8.4
Mecklenburg County,58.65,11.0
Mecklenburg County,58.66,12.9
Mecklenburg County,58.67,11.3
Mecklenburg County,58.68,22.5
Mecklenburg County,59.08,6.3
Mecklenburg County,59.10,8.1
Mecklenburg County,59.13,10.0
Mecklenburg County,59.15,9.2
Mecklenburg County,59.16,14.6
Mecklenburg County,59.18,6.0
Mecklenburg County,59.19,12.8
Mecklenburg County,59.20,10.0
Mecklenburg County,59.21,9.1
Mecklenburg County,59.22,6.2
Mecklenburg County,59.23,8.3
Mecklenburg County,59.24,7.3
Mecklenburg County,59.25,8.3
Mecklenburg County,59.26,3.4000000000000004
Mecklenburg County,59.27,6.1
Mecklenburg County,59.28,5.6000000000000005
Mecklenburg County,59.29,7.3999999999999995
Mecklenburg County,59.30,12.8
Mecklenburg County,59.31,9.6
Mecklenburg County,59.32,8.5
Mecklenburg County,6,15.7
Mecklenburg County,60.05,8.200000000000001
Mecklenburg County,60.08,8.1
Mecklenburg County,60.09,13.3
Mecklenburg County,60.11,11.1
Mecklenburg County,60.12,17.299999999999997
Mecklenburg County,60.13,6.7
Mecklenburg County,60.14,8.7
Mecklenburg County,60.15,6.2
Mecklenburg County,60.16,16.1
Mecklenburg County,61.03,11.0
Mecklenburg County,61.05,6.800000000000001
Mecklenburg County,61.08,7.8
Mecklenburg County,61.09,8.799999999999999
Mecklenburg County,61.10,8.200000000000001
Mecklenburg County,61.11,5.7
Mecklenburg County,61.12,8.4
Mecklenburg County,61.13,6.2
Mecklenburg County,61.14,6.5
Mecklenburg County,61.15,9.1
Mecklenburg County,62.08,9.6
Mecklenburg County,62.09,10.8
Mecklenburg County,62.10,7.000000000000001
Mecklenburg County,62.11,7.8
Mecklenburg County,62.12,9.1
Mecklenburg County,62.14,6.800000000000001
Mecklenburg County,62.16,8.7
Mecklenburg County,62.17,9.0
Mecklenburg County,62.18,5.6000000000000005
Mecklenburg County,62.19,8.3
Mecklenburg County,62.20,7.1
Mecklenburg County,62.21,7.1
Mecklenburg County,62.22,11.899999999999999
Mecklenburg County,62.23,7.9
Mecklenburg County,62.24,11.799999999999999
Mecklenburg County,63.05,3.2
Mecklenburg County,63.06,7.8
Mecklenburg County,63.07,8.3
Mecklenburg County,63.08,9.3
Mecklenburg County,63.09,15.4
Mecklenburg County,63.10,13.100000000000001
Mecklenburg County,63.11,6.2
Mecklenburg County,64.03,11.0
Mecklenburg County,64.04,5.2
Mecklenburg County,64.07,7.199999999999999
Mecklenburg County,64.08,10.100000000000001
Mecklenburg County,64.09,9.5
Mecklenburg County,64.10,9.700000000000001
Mecklenburg County,64.11,13.5
Mecklenburg County,7,10.299999999999999
Mecklenburg County,8,14.000000000000002
Mecklenburg County,9,12.0
Mecklenburg County,9801,
Mecklenburg County,9802,
Mecklenburg County,9803,
Mitchell County,9501,14.2
Mitchell County,9502,17.8
Mitchell County,9503,18.8
Mitchell County,9504,13.5
Montgomery County,9601.01,18.7
Montgomery County,9601.02,18.0
Montgomery County,9602.01,8.7
Montgomery County,9602.02,15.6
Montgomery County,9603.01,14.099999999999998
Montgomery County,9603.02,10.8
Montgomery County,9604.01,14.299999999999999
Montgomery County,9604.02,9.2
Montgomery County,9605.01,14.099999999999998
Montgomery County,9605.02,13.100000000000001
Moore County,9501,15.6
Moore County,9502.01,15.8
Moore County,9502.02,15.4
Moore County,9503.03,12.1
Moore County,9503.04,16.1
Moore County,9503.05,8.0
Moore County,9503.06,10.2
Moore County,9504.02,8.0
Moore County,9504.03,12.3
Moore County,9504.04,15.7
Moore County,9505.03,14.6
Moore County,9505.04,8.799999999999999
Moore County,9505.05,20.200000000000003
Moore County,9505.06,10.299999999999999
Moore County,9505.07,11.3
Moore County,9506.01,8.5
Moore County,9506.03,11.1
Moore County,9506.04,11.0
Moore County,9507.02,12.1
Moore County,9507.03,13.5
Moore County,9507.04,9.1
Moore County,9508.01,13.5
Moore County,9508.02,18.9
Moore County,9509,14.499999999999998
Moore County,9510.01,10.0
Moore County,9510.02,13.0
Moore County,9511.01,8.7
Moore County,9511.02,11.600000000000001
Moore County,9512,9.1
Nash County,102,17.1
Nash County,103.01,15.4
Nash County,103.02,12.2
Nash County,104,24.2
Nash County,105.03,12.0
Nash County,105.04,11.899999999999999
Nash County,105.05,12.1
Nash County,105.06,13.3
Nash County,106.01,10.299999999999999
Nash County,106.03,6.800000000000001
Nash County,106.04,12.3
Nash County,107,12.4
Nash County,108.01,21.4
Nash County,108.02,7.3999999999999995
Nash County,109,20.1
Nash County,110,12.4
Nash County,111.01,7.1
Nash County,111.03,13.700000000000001
Nash County,111.04,13.900000000000002
Nash County,112.01,10.4
Nash County,112.02,8.3
Nash County,113,12.5
Nash County,114,13.100000000000001
Nash County,115.01,18.6
Nash County,115.02,14.099999999999998
New Hanover County,101,15.8
New Hanover County,102,23.799999999999997
New Hanover County,103,21.3
New Hanover County,104,11.0
New Hanover County,105.01,17.7
New Hanover County,105.03,16.900000000000002
New Hanover County,105.04,17.9
New Hanover County,106,11.700000000000001
New Hanover County,107,27.500000000000004
New Hanover County,108,23.400000000000002
New Hanover County,109,9.5
New Hanover County,110,21.7
New Hanover County,111,16.3
New Hanover County,112,15.0
New Hanover County,113,17.5
New Hanover County,114,16.400000000000002
New Hanover County,115.01,
New Hanover County,115.02,
New Hanover County,115.03,14.299999999999999
New Hanover County,115.04,12.3
New Hanover County,116.05,15.0
New Hanover County,116.06,10.2
New Hanover County,116.08,10.5
New Hanover County,116.09,11.0
New Hanover County,116.10,24.7
New Hanover County,116.11,8.9
New Hanover County,116.12,8.0
New Hanover County,117.01,12.3
New Hanover County,117.03,8.799999999999999
New Hanover County,117.05,7.199999999999999
New Hanover County,118,7.000000000000001
New Hanover County,119.04,12.4
New Hanover County,119.05,15.5
New Hanover County,119.06,17.5
New Hanover County,120.04,8.4
New Hanover County,120.06,12.9
New Hanover County,120.07,12.9
New Hanover County,120.08,14.299999999999999
New Hanover County,120.09,9.3
New Hanover County,120.10,7.7
New Hanover County,120.11,9.3
New Hanover County,120.12,8.4
New Hanover County,121.03,9.8
New Hanover County,121.06,10.7
New Hanover County,121.07,10.299999999999999
New Hanover County,121.08,12.0
New Hanover County,121.09,7.8
New Hanover County,121.10,13.200000000000001
New Hanover County,121.11,10.100000000000001
New Hanover County,122.01,12.3
New Hanover County,122.02,14.799999999999999
New Hanover County,122.03,8.200000000000001
New Hanover County,123,12.5
New Hanover County,9801,
New Hanover County,9901,
Northampton County,9201.01,15.299999999999999
Northampton County,9201.02,13.3
Northampton County,9201.03,8.799999999999999
Northampton County,9202.01,14.399999999999999
Northampton County,9202.02,13.900000000000002
Northampton County,9203.01,17.1
Northampton County,9203.02,14.000000000000002
Northampton County,9203.03,10.2
Northampton County,9204.01,17.9
Northampton County,9204.02,14.799999999999999
Onslow County,1.03,13.600000000000001
Onslow County,1.04,11.600000000000001
Onslow County,1.05,12.5
Onslow County,10,
Onslow County,11.01,15.6
Onslow County,11.02,14.6
Onslow County,12.01,16.7
Onslow County,12.02,9.3
Onslow County,13.01,23.5
Onslow County,13.02,14.299999999999999
Onslow County,13.03,9.0
Onslow County,13.04,21.2
Onslow County,14,15.5
Onslow County,15,19.5
Onslow County,17,20.3
Onslow County,18,14.399999999999999
Onslow County,2.03,16.400000000000002
Onslow County,2.04,16.0
Onslow County,2.05,11.799999999999999
Onslow County,2.06,11.899999999999999
Onslow County,2.07,14.799999999999999
Onslow County,21,11.799999999999999
Onslow County,22.01,13.4
Onslow County,22.02,24.7
Onslow County,23,15.6
Onslow County,24,14.6
Onslow County,25,23.9
Onslow County,26,23.1
Onslow County,28.01,21.4
Onslow County,28.02,19.400000000000002
Onslow County,28.03,15.8
Onslow County,3.03,14.000000000000002
Onslow County,3.04,14.299999999999999
Onslow County,3.05,16.900000000000002
Onslow County,3.06,16.900000000000002
Onslow County,4.01,8.9
Onslow County,4.03,12.5
Onslow County,4.04,15.9
Onslow County,4.05,9.9
Onslow County,5,
Onslow County,6,
Onslow County,7,
Onslow County,8,
Onslow County,9.01,
Onslow County,9.02,
Onslow County,9901,
Orange County,107.01,10.7
Orange County,107.05,15.1
Orange County,107.06,7.3
Orange County,107.07,17.7
Orange County,107.08,
Orange County,107.09,18.099999999999998
Orange County,107.10,9.3
Orange County,108.02,6.7
Orange County,108.03,7.7
Orange County,108.04,10.5
Orange County,109.02,14.499999999999998
Orange County,109.03,5.5
Orange County,109.04,12.6
Orange County,110.01,6.9
Orange County,110.02,9.8
Orange County,111.03,11.600000000000001
Orange County,111.04,7.9
Orange County,111.05,10.100000000000001
Orange County,111.06,11.1
Orange County,111.07,9.9
Orange County,112.04,7.199999999999999
Orange County,112.06,9.5
Orange County,112.07,11.3
Orange County,112.08,8.6
Orange County,112.09,6.0
Orange County,112.10,11.1
Orange County,112.11,13.700000000000001
Orange County,113,
Orange County,114,
Orange County,115,9.3
Orange County,116.01,
Orange County,116.02,
Orange County,117,
Orange County,118,16.3
Orange County,119.02,11.0
Orange County,119.03,10.299999999999999
Orange County,119.04,13.600000000000001
Orange County,121.01,12.1
Orange County,121.02,7.1
Orange County,121.03,10.9
Orange County,122.01,7.3
Orange County,122.02,11.1
Pamlico County,9501.01,11.5
Pamlico County,9501.03,14.899999999999999
Pamlico County,9501.04,16.6
Pamlico County,9502.02,11.700000000000001
Pamlico County,9502.03,14.799999999999999
Pamlico County,9502.04,17.8
Pamlico County,9901,
Pasquotank County,9601,20.5
Pasquotank County,9602,18.7
Pasquotank County,9603,26.0
Pasquotank County,9604,14.099999999999998
Pasquotank County,9605.01,9.0
Pasquotank County,9605.02,10.0
Pasquotank County,9605.03,10.4
Pasquotank County,9606,6.7
Pasquotank County,9607.01,7.7
Pasquotank County,9607.02,13.200000000000001
Pender County,9201.04,8.799999999999999
Pender County,9201.05,26.200000000000003
Pender County,9201.06,9.700000000000001
Pender County,9202.01,9.1
Pender County,9202.02,10.7
Pender County,9202.03,12.0
Pender County,9202.04,15.0
Pender County,9203,19.0
Pender County,9204.01,18.6
Pender County,9204.02,13.100000000000001
Pender County,9204.03,14.7
Pender County,9205.01,15.1
Pender County,9205.02,17.9
Pender County,9206.01,15.8
Pender County,9206.02,13.700000000000001
Pender County,9901,
Perquimans County,9201.01,16.5
Perquimans County,9201.02,13.200000000000001
Perquimans County,9202.01,15.0
Perquimans County,9202.02,11.1
Person County,9201,10.0
Person County,9202,10.4
Person County,9203,22.2
Person County,9204,17.1
Person County,9205,13.100000000000001
Person County,9206.01,15.5
Person County,9206.02,10.7
Pitt County,1.01,
Pitt County,1.02,
Pitt County,10.01,10.8
Pitt County,10.02,10.5
Pitt County,10.03,11.600000000000001
Pitt County,11,15.5
Pitt County,12,16.400000000000002
Pitt County,13.01,11.1
Pitt County,13.02,7.9
Pitt County,13.04,8.7
Pitt County,13.05,10.0
Pitt County,14.02,14.299999999999999
Pitt County,14.03,14.6
Pitt County,14.04,14.499999999999998
Pitt County,15,20.3
Pitt County,16.01,9.8
Pitt County,16.02,14.899999999999999
Pitt County,17,9.8
Pitt County,18,19.900000000000002
Pitt County,19,18.6
Pitt County,2.01,
Pitt County,2.02,12.7
Pitt County,20.02,10.8
Pitt County,20.03,15.2
Pitt County,20.04,13.0
Pitt County,3.01,12.6
Pitt County,3.03,
Pitt County,3.04,16.2
Pitt County,4,
Pitt County,5.01,16.5
Pitt County,5.03,23.3
Pitt County,5.04,
Pitt County,6.02,17.5
Pitt County,6.04,14.6
Pitt County,6.05,18.5
Pitt County,6.06,13.100000000000001
Pitt County,6.07,7.6
Pitt County,7.01,24.8
Pitt County,7.02,36.199999999999996
Pitt County,8,23.599999999999998
Pitt County,9.01,16.8
Pitt County,9.02,17.5
Polk County,9201.01,12.1
Polk County,9201.03,13.100000000000001
Polk County,9201.04,11.600000000000001
Polk County,9202.01,11.799999999999999
Polk County,9202.02,16.8
Polk County,9203.01,16.900000000000002
Polk County,9203.03,15.7
Polk County,9203.04,16.7
Randolph County,301,20.5
Randolph County,302.01,15.6
Randolph County,302.02,13.100000000000001
Randolph County,303.01,14.000000000000002
Randolph County,303.02,30.7
Randolph County,304,20.3
Randolph County,305.02,9.5
Randolph County,305.03,15.5
Randolph County,305.04,16.8
Randolph County,306,11.3
Randolph County,307,12.0
Randolph County,308.03,11.200000000000001
Randolph County,308.04,11.1
Randolph County,308.05,17.9
Randolph County,308.06,14.299999999999999
Randolph County,309,8.4
Randolph County,310.01,19.7
Randolph County,310.02,14.899999999999999
Randolph County,311.01,15.6
Randolph County,311.02,12.5
Randolph County,312,19.8
Randolph County,313.03,13.8
Randolph County,313.04,17.299999999999997
Randolph County,313.05,22.0
Randolph County,313.07,12.1
Randolph County,313.08,16.400000000000002
Randolph County,314.01,16.6
Randolph County,314.02,12.0
Randolph County,315.01,11.5
Randolph County,315.03,12.5
Randolph County,315.04,8.799999999999999
Randolph County,315.05,10.100000000000001
Randolph County,316.01,11.899999999999999
Randolph County,316.02,14.499999999999998
Richmond County,9701,9.1
Richmond County,9702,12.7
Richmond County,9703,18.6
Richmond County,9704,10.2
Richmond County,9705,27.0
Richmond County,9706,25.7
Richmond County,9707,22.900000000000002
Richmond County,9708,26.0
Richmond County,9709,14.399999999999999
Richmond County,9710,22.7
Richmond County,9711,19.900000000000002
Robeson County,9601.01,17.9
Robeson County,9601.02,21.3
Robeson County,9602.02,23.599999999999998
Robeson County,9602.03,12.5
Robeson County,9602.04,13.600000000000001
Robeson County,9603.01,25.8
Robeson County,9603.02,22.6
Robeson County,9604.02,19.2
Robeson County,9604.03,21.4
Robeson County,9604.04,13.900000000000002
Robeson County,9605.01,20.1
Robeson County,9605.02,
Robeson County,9605.03,16.6
Robeson County,9606.01,19.7
Robeson County,9606.02,18.7
Robeson County,9607.01,16.3
Robeson County,9607.02,16.1
Robeson County,9608.01,23.5
Robeson County,9608.02,27.500000000000004
Robeson County,9609,17.2
Robeson County,9610,21.7
Robeson County,9611,25.3
Robeson County,9612,19.6
Robeson County,9613.01,11.5
Robeson County,9613.02,18.6
Robeson County,9614,12.3
Robeson County,9615,16.6
Robeson County,9616.01,12.8
Robeson County,9616.02,15.2
Robeson County,9617,20.200000000000003
Robeson County,9618.01,23.200000000000003
Robeson County,9618.02,23.7
Robeson County,9619,19.8
Robeson County,9620.01,24.4
Robeson County,9620.02,23.3
Rockingham County,401.01,15.1
Rockingham County,401.02,17.0
Rockingham County,402,21.4
Rockingham County,403,16.5
Rockingham County,404,15.299999999999999
Rockingham County,405.01,19.900000000000002
Rockingham County,405.02,19.6
Rockingham County,406.01,14.2
Rockingham County,406.02,15.4
Rockingham County,407,13.3
Rockingham County,408,15.8
Rockingham County,409,20.4
Rockingham County,410.01,17.5
Rockingham County,410.02,13.900000000000002
Rockingham County,411,13.8
Rockingham County,412,26.5
Rockingham County,413,11.3
Rockingham County,414,25.900000000000002
Rockingham County,415.01,11.0
Rockingham County,415.02,18.9
Rockingham County,416.01,9.1
Rockingham County,416.02,14.000000000000002
Rowan County,502.01,15.2
Rowan County,502.02,16.7
Rowan County,503,19.2
Rowan County,504,29.099999999999998
Rowan County,505,12.3
Rowan County,507,18.0
Rowan County,508,17.4
Rowan County,509.01,20.1
Rowan County,509.03,11.799999999999999
Rowan County,509.04,14.2
Rowan County,510.01,16.0
Rowan County,510.02,12.0
Rowan County,511.01,13.3
Rowan County,511.02,15.6
Rowan County,512.01,14.6
Rowan County,512.02,16.0
Rowan County,512.04,11.0
Rowan County,513.01,15.1
Rowan County,513.02,13.0
Rowan County,513.03,15.4
Rowan County,514,13.4
Rowan County,515.01,16.900000000000002
Rowan County,515.02,17.299999999999997
Rowan County,516,12.7
Rowan County,517,14.799999999999999
Rowan County,518.01,18.7
Rowan County,518.02,12.4
Rowan County,519.01,11.4
Rowan County,519.03,12.6
Rowan County,519.04,16.1
Rowan County,520,25.6
Rutherford County,9601.01,10.7
Rutherford County,9601.02,15.299999999999999
Rutherford County,9601.03,13.100000000000001
Rutherford County,9602.01,17.9
Rutherford County,9602.02,17.9
Rutherford County,9602.03,13.4
Rutherford County,9603.01,15.2
Rutherford County,9603.02,12.7
Rutherford County,9604,15.299999999999999
Rutherford County,9605.01,18.3
Rutherford County,9605.02,16.3
Rutherford County,9605.03,17.599999999999998
Rutherford County,9606,21.2
Rutherford County,9607,16.0
Rutherford County,9608,28.7
Rutherford County,9609,20.599999999999998
Rutherford County,9610.01,15.5
Rutherford County,9610.02,15.7
Rutherford County,9611.02,16.900000000000002
Rutherford County,9611.03,19.6
Rutherford County,9611.04,17.1
Rutherford County,9612,16.400000000000002
Sampson County,9701.01,14.7
Sampson County,9701.02,15.6
Sampson County,9702.01,8.9
Sampson County,9702.02,16.2
Sampson County,9703.02,11.799999999999999
Sampson County,9703.03,21.6
Sampson County,9703.04,15.299999999999999
Sampson County,9704.01,14.099999999999998
Sampson County,9704.02,18.3
Sampson County,9705.01,17.1
Sampson County,9705.02,13.600000000000001
Sampson County,9706,20.3
Sampson County,9707.01,12.7
Sampson County,9707.02,15.0
Sampson County,9708.01,13.8
Sampson County,9708.02,20.4
Sampson County,9709,15.5
Sampson County,9710.01,13.600000000000001
Sampson County,9710.02,15.2
Sampson County,9710.03,16.6
Scotland County,101.01,16.8
Scotland County,101.02,20.4
Scotland County,102,25.7
Scotland County,103,24.8
Scotland County,104,19.2
Scotland County,105.01,16.7
Scotland County,105.02,19.900000000000002
Scotland County,106.01,16.2
Scotland County,106.02,17.299999999999997
Stanly County,9301.01,11.3
Stanly County,9301.02,15.8
Stanly County,9302,15.2
Stanly County,9303,11.700000000000001
Stanly County,9305,18.099999999999998
Stanly County,9307,10.4
Stanly County,9308.01,12.1
Stanly County,9308.02,11.5
Stanly County,9309.01,10.5
Stanly County,9309.02,11.899999999999999
Stanly County,9310.01,10.6
Stanly County,9310.02,17.2
Stanly County,9311.01,11.200000000000001
Stanly County,9311.02,16.6
Stanly County,9312.02,16.6
Stanly County,9312.03,30.4
Stanly County,9312.04,15.0
Stokes County,701.01,10.8
Stokes County,701.02,17.599999999999998
Stokes County,702,12.5
Stokes County,703.01,10.5
Stokes County,703.02,25.5
Stokes County,704,13.600000000000001
Stokes County,705.03,13.100000000000001
Stokes County,705.04,17.8
Stokes County,705.05,13.100000000000001
Stokes County,705.06,16.1
Stokes County,706,19.1
Stokes County,707.01,12.0
Stokes County,707.02,15.299999999999999
Surry County,9301.01,16.7
Surry County,9301.02,16.3
Surry County,9302.01,25.6
Surry County,9302.02,18.3
Surry County,9303.01,11.1
Surry County,9303.02,20.599999999999998
Surry County,9304,36.5
Surry County,9305.01,18.0
Surry County,9305.02,17.2
Surry County,9306,18.2
Surry County,9307,11.0
Surry County,9308.02,20.5
Surry County,9308.03,14.6
Surry County,9308.04,16.8
Surry County,9309.01,16.6
Surry County,9309.02,12.1
Surry County,9310.01,15.1
Surry County,9310.02,12.4
Surry County,9310.03,21.0
Surry County,9311.01,13.100000000000001
Surry County,9311.02,13.200000000000001
Surry County,9311.03,14.2
Surry County,9312,13.0
Swain County,9401,20.200000000000003
Swain County,9602,18.3
Swain County,9603.01,18.5
Swain County,9603.02,16.0
Swain County,9802,
Transylvania County,9601,15.5
Transylvania County,9602.01,15.5
Transylvania County,9602.02,21.4
Transylvania County,9603.01,12.1
Transylvania County,9603.02,12.6
Transylvania County,9604.01,11.3
Transylvania County,9604.03,11.0
Transylvania County,9604.04,14.299999999999999
Transylvania County,9605.01,13.100000000000001
Transylvania County,9605.02,14.799999999999999
Transylvania County,9606.01,14.7
Transylvania County,9606.02,18.6
Tyrrell County,9601,13.5
Union County,201,6.800000000000001
Union County,202.03,6.9
Union County,202.04,10.9
Union County,202.05,7.8
Union County,202.06,12.2
Union County,203.05,10.6
Union County,203.07,9.0
Union County,203.08,10.8
Union County,203.09,10.299999999999999
Union County,203.10,6.5
Union County,203.12,14.299999999999999
Union County,203.13,11.600000000000001
Union County,203.14,6.4
Union County,203.15,8.7
Union County,203.16,10.6
Union County,203.17,7.1
Union County,203.18,8.799999999999999
Union County,203.19,9.1
Union County,203.20,7.199999999999999
Union County,203.21,6.5
Union County,204.01,9.6
Union County,204.03,9.1
Union County,204.05,19.8
Union County,204.06,19.0
Union County,205.01,10.8
Union County,205.02,11.3
Union County,206.01,13.5
Union County,206.02,17.4
Union County,207.01,13.0
Union County,207.02,13.0
Union County,208,11.200000000000001
Union County,209.01,13.600000000000001
Union County,209.02,14.399999999999999
Union County,210.04,6.7
Union County,210.05,10.6
Union County,210.06,3.8
Union County,210.07,6.2
Union County,210.09,4.9
Union County,210.12,8.3
Union County,210.13,8.200000000000001
Union County,210.14,12.8
Union County,210.15,9.0
Union County,210.16,4.2
Union County,210.17,3.9
Union County,210.18,7.199999999999999
Union County,210.19,4.7
Union County,210.20,8.4
Union County,210.21,4.7
Vance County,9601,10.0
Vance County,9602,14.099999999999998
Vance County,9603,11.1
Vance County,9604,8.9
Vance County,9605,15.8
Vance County,9606,22.1
Vance County,9607,24.3
Vance County,9608,26.3
Vance County,9609.01,11.4
Vance County,9609.02,17.0
Vance County,9609.03,15.8
Vance County,9610,14.299999999999999
Wake County,501,12.1
Wake County,503,13.8
Wake County,504,9.2
Wake County,505,10.8
Wake County,506,14.099999999999998
Wake County,507,17.5
Wake County,508,19.7
Wake County,509,17.0
Wake County,510,15.8
Wake County,511.01,
Wake County,511.02,
Wake County,512,13.100000000000001
Wake County,514,13.900000000000002
Wake County,515.01,6.5
Wake County,515.02,8.799999999999999
Wake County,516,8.5
Wake County,517,6.7
Wake County,518,8.4
Wake County,519,13.8
Wake County,520.01,22.3
Wake County,520.02,11.4
Wake County,521.01,20.7
Wake County,521.02,10.299999999999999
Wake County,523.03,18.099999999999998
Wake County,523.04,18.2
Wake County,523.05,16.400000000000002
Wake County,523.06,10.100000000000001
Wake County,523.07,15.2
Wake County,524.01,12.7
Wake County,524.04,12.5
Wake County,524.07,12.3
Wake County,524.08,28.000000000000004
Wake County,524.09,27.1
Wake County,524.10,18.7
Wake County,524.11,13.4
Wake County,525.04,12.4
Wake County,525.05,10.9
Wake County,525.06,12.7
Wake County,525.07,11.1
Wake County,525.08,11.3
Wake County,525.09,15.6
Wake County,526.01,6.7
Wake County,526.02,11.4
Wake County,526.03,8.3
Wake County,527.01,12.0
Wake County,527.04,15.8
Wake County,527.05,13.8
Wake County,527.06,12.0
Wake County,527.07,9.700000000000001
Wake County,528.01,7.5
Wake County,528.02,11.700000000000001
Wake County,528.07,8.3
Wake County,528.09,11.200000000000001
Wake County,528.10,8.200000000000001
Wake County,528.11,11.899999999999999
Wake County,528.12,8.0
Wake County,528.13,16.7
Wake County,528.14,7.7
Wake County,528.15,11.5
Wake County,528.16,4.7
Wake County,529.01,8.6
Wake County,529.02,7.7
Wake County,529.03,4.5
Wake County,529.05,11.700000000000001
Wake County,529.06,7.000000000000001
Wake County,530.03,12.3
Wake County,530.04,11.600000000000001
Wake County,530.05,6.2
Wake County,530.06,6.2
Wake County,530.07,8.4
Wake County,530.09,12.2
Wake County,530.10,6.6000000000000005
Wake County,530.11,10.299999999999999
Wake County,531.05,9.3
Wake County,531.06,13.8
Wake County,531.09,12.6
Wake County,531.10,9.0
Wake County,531.11,9.5
Wake County,531.12,10.9
Wake County,531.13,9.5
Wake County,531.14,7.6
Wake County,531.15,10.299999999999999
Wake County,532.02,9.1
Wake County,532.03,8.4
Wake County,532.04,9.3
Wake County,532.05,7.6
Wake County,532.06,9.700000000000001
Wake County,532.08,5.4
Wake County,532.09,10.2
Wake County,532.10,4.6
Wake County,532.11,4.9
Wake County,534.05,10.2
Wake County,534.08,9.700000000000001
Wake County,534.09,6.9
Wake County,534.10,5.800000000000001
Wake County,534.11,6.3
Wake County,534.15,8.5
Wake County,534.17,10.8
Wake County,534.19,4.6
Wake County,534.21,9.1
Wake County,534.22,5.3
Wake County,534.23,9.0
Wake County,534.24,8.0
Wake County,534.25,7.7
Wake County,534.26,10.0
Wake County,534.27,8.3
Wake County,534.28,8.5
Wake County,534.29,10.0
Wake County,534.30,9.4
Wake County,534.31,7.7
Wake County,534.32,8.1
Wake County,534.33,7.000000000000001
Wake County,534.34,7.3
Wake County,534.35,9.1
Wake County,534.36,8.200000000000001
Wake County,535.05,7.7
Wake County,535.06,12.3
Wake County,535.07,11.799999999999999
Wake County,535.09,5.1
Wake County,535.12,7.199999999999999
Wake County,535.13,11.0
Wake County,535.16,8.799999999999999
Wake County,535.17,11.200000000000001
Wake County,535.18,7.9
Wake County,535.19,11.0
Wake County,535.20,16.0
Wake County,535.21,9.5
Wake County,535.22,11.799999999999999
Wake County,535.23,9.0
Wake County,535.24,9.9
Wake County,535.25,8.1
Wake County,536.03,8.200000000000001
Wake County,536.04,7.3
Wake County,536.08,8.3
Wake County,536.09,14.499999999999998
Wake County,536.11,7.000000000000001
Wake County,536.12,10.4
Wake County,536.13,13.5
Wake County,536.14,8.5
Wake County,536.15,7.1
Wake County,536.16,10.2
Wake County,536.17,10.100000000000001
Wake County,536.18,10.299999999999999
Wake County,536.19,8.7
Wake County,536.20,8.0
Wake County,537.11,7.5
Wake County,537.12,8.0
Wake County,537.13,14.299999999999999
Wake County,537.14,8.1
Wake County,537.15,12.0
Wake County,537.16,9.3
Wake County,537.17,10.9
Wake County,537.18,6.7
Wake County,537.19,6.0
Wake County,537.20,6.5
Wake County,537.21,5.800000000000001
Wake County,537.22,11.1
Wake County,537.23,8.9
Wake County,537.24,9.8
Wake County,537.25,9.5
Wake County,537.26,9.8
Wake County,537.27,10.299999999999999
Wake County,537.28,11.1
Wake County,537.29,8.6
Wake County,537.30,9.8
Wake County,538.03,4.3
Wake County,538.04,7.000000000000001
Wake County,538.05,6.3
Wake County,538.06,5.800000000000001
Wake County,538.07,5.4
Wake County,538.08,4.1000000000000005
Wake County,539.01,10.4
Wake County,539.02,4.3999999999999995
Wake County,540.01,10.8
Wake County,540.04,10.5
Wake County,540.06,10.7
Wake County,540.07,9.0
Wake County,540.08,17.1
Wake County,540.11,5.4
Wake County,540.12,7.7
Wake County,540.15,21.3
Wake County,540.16,7.3999999999999995
Wake County,540.17,10.7
Wake County,540.18,14.899999999999999
Wake County,540.19,8.9
Wake County,540.20,8.4
Wake County,540.21,6.3
Wake County,540.22,15.7
Wake County,540.23,9.1
Wake County,541.06,12.1
Wake County,541.08,8.1
Wake County,541.09,6.5
Wake County,541.11,6.2
Wake County,541.12,9.1
Wake County,541.13,14.399999999999999
Wake County,541.14,11.1
Wake County,541.15,8.1
Wake County,541.16,7.6
Wake County,541.17,7.5
Wake County,541.18,8.0
Wake County,541.19,8.9
Wake County,541.20,8.0
Wake County,541.21,8.799999999999999
Wake County,542.03,5.6000000000000005
Wake County,542.04,7.3
Wake County,542.06,10.4
Wake County,542.12,19.7
Wake County,542.13,6.4
Wake County,542.14,11.799999999999999
Wake County,542.15,8.799999999999999
Wake County,542.16,6.3
Wake County,542.17,8.4
Wake County,542.18,6.2
Wake County,542.19,6.2
Wake County,542.20,16.900000000000002
Wake County,542.21,6.2
Wake County,542.22,6.9
Wake County,542.23,6.6000000000000005
Wake County,542.24,10.7
Wake County,543.03,10.7
Wake County,543.04,7.8
Wake County,543.05,13.600000000000001
Wake County,543.06,20.3
Wake County,544.02,8.200000000000001
Wake County,544.03,11.200000000000001
Wake County,544.04,8.5
Wake County,545.01,14.899999999999999
Wake County,545.02,14.299999999999999
Wake County,9801,
Wake County,9802,
Warren County,9501.01,11.4
Warren County,9501.02,14.499999999999998
Warren County,9501.03,16.8
Warren County,9502.01,17.4
Warren County,9502.02,30.7
Warren County,9503,15.8
Warren County,9504,18.3
Washington County,9501,20.4
Washington County,9502.01,23.9
Washington County,9502.02,19.8
Washington County,9503,15.0
Watauga County,9201,9.9
Watauga County,9202,12.2
Watauga County,9203,17.8
Watauga County,9204,
Watauga County,9205,
Watauga County,9206.01,
Watauga County,9206.02,12.8
Watauga County,9207.01,10.7
Watauga County,9207.02,10.6
Watauga County,9207.03,13.900000000000002
Watauga County,9208,8.3
Watauga County,9209,13.3
Watauga County,9210,13.5
Wayne County,1.02,11.200000000000001
Wayne County,1.03,17.1
Wayne County,1.04,8.3
Wayne County,10,14.000000000000002
Wayne County,11.02,11.0
Wayne County,11.03,11.799999999999999
Wayne County,11.04,12.7
Wayne County,12,15.6
Wayne County,13.01,11.899999999999999
Wayne County,13.02,13.4
Wayne County,14.01,20.7
Wayne County,14.02,23.799999999999997
Wayne County,15,19.6
Wayne County,18,25.900000000000002
Wayne County,19,19.6
Wayne County,2,13.8
Wayne County,20,19.0
Wayne County,3.02,8.7
Wayne County,3.03,10.299999999999999
Wayne County,3.04,13.0
Wayne County,4.01,10.7
Wayne County,4.02,11.5
Wayne County,5,
Wayne County,6.01,23.7
Wayne County,6.03,9.9
Wayne County,6.04,32.0
Wayne County,7,16.6
Wayne County,8,17.4
Wayne County,9.01,15.7
Wayne County,9.02,17.599999999999998
Wilkes County,9601.01,15.0
Wilkes County,9601.02,17.599999999999998
Wilkes County,9602,21.8
Wilkes County,9603,20.200000000000003
Wilkes County,9604.01,15.299999999999999
Wilkes County,9604.02,14.2
Wilkes County,9605,25.900000000000002
Wilkes County,9606,15.1
Wilkes County,9607,20.4
Wilkes County,9608.01,19.1
Wilkes County,9608.02,15.1
Wilkes County,9609.01,14.000000000000002
Wilkes County,9609.02,17.0
Wilkes County,9610.01,14.7
Wilkes County,9610.02,12.9
Wilkes County,9611,14.499999999999998
Wilkes County,9612.01,13.900000000000002
Wilkes County,9612.02,13.8
Wilson County,1,23.799999999999997
Wilson County,10,13.200000000000001
Wilson County,11,15.5
Wilson County,12,15.6
Wilson County,13.01,13.100000000000001
Wilson County,13.02,10.8
Wilson County,14.01,9.1
Wilson County,14.02,11.700000000000001
Wilson County,15.01,16.2
Wilson County,15.02,7.7
Wilson County,16,10.100000000000001
Wilson County,17,16.900000000000002
Wilson County,2,31.1
Wilson County,3,20.5
Wilson County,4.01,19.1
Wilson County,4.02,12.9
Wilson County,5.01,8.0
Wilson County,5.02,9.6
Wilson County,6.01,21.9
Wilson County,6.02,8.9
Wilson County,7.01,19.6
Wilson County,7.02,21.6
Wilson County,8.01,40.6
Wilson County,8.02,22.8
Wilson County,9,14.499999999999998
Yadkin County,501.01,14.2
Yadkin County,501.02,15.299999999999999
Yadkin County,502,14.6
Yadkin County,503,16.8
Yadkin County,504.01,18.7
Yadkin County,504.02,12.2
Yadkin County,505.02,13.3
Yadkin County,505.03,13.100000000000001
Yadkin County,505.04,17.9
Yancey County,9601.01,21.3
Yancey County,9601.02,19.5
Yancey County,9602,14.399999999999999
Yancey County,9603,19.0
Yancey County,9604,13.5
